subject,accuracy,f1_abnormal
1,0.4991759373712402,0.7264409881061299
2,0.7506860882415031,0.8563829787234043
3,0.3599265744140073,0.5371775417298937
4,0.6846846846846847,0.9202256244963739
